{
 "Console Output": {
  "Frequency": 1,
  "Verbosity": "Minimal"
 },
 "Current Generation": 3,
 "File Output": {
  "Enabled": 1,
  "Frequency": 1,
  "Path": "_korali_result"
 },
 "Is Finished": 0,
 "Problem": {
  "Execution Model": 0,
  "Number Of Samples": 0,
  "Type": "Propagation"
 },
 "Random Seed": 0,
 "Run ID": 1607112411034,
 "Samples": [
  {
   "Betas": 1.5,
   "Current Generation": 1,
   "Experiment Id": 0,
   "Finished": true,
   "Globals": null,
   "InfectedDetailed": [
    10.000002852836312,
    9.796898057429456,
    9.610277637728363,
    9.443339933919592,
    9.297338284613913,
    9.172120950637861,
    9.067042716312045,
    8.981315202322948,
    8.914090421130586,
    8.86451989839062,
    8.831769493219447,
    8.815033450121279,
    8.813539465720355,
    8.826553085046783,
    8.853379553922593,
    8.893364909717642,
    8.945896024296543,
    9.010400101377408,
    9.086343671834587,
    9.173231286830996,
    9.270603987843065,
    9.3780376521239,
    9.495141271041671,
    9.62155521259976,
    9.75694950154346,
    9.90102214267883,
    10.053497504024401,
    10.214124771023336,
    10.382676478302141,
    10.558947122296846,
    10.74275185560812,
    10.933925262270828,
    11.132320211925045,
    11.337806790090076,
    11.550271301237078,
    11.769615341071418,
    11.995754934302383,
    12.228619734155401,
    12.468152279941444,
    12.71430730910569,
    12.967051120323166,
    13.226360984374212,
    13.492224599710816,
    13.76463958980507,
    14.043613039552577,
    14.329161068181103,
    14.621308436284528,
    14.920088184764397,
    15.22554130361976,
    15.537716428664575,
    15.856669564396027,
    16.182463831358174,
    16.51516923646971,
    16.85486246489184,
    17.20162669211696,
    17.555551415055252,
    17.91673230098454,
    18.285271053311035,
    18.661275293167915,
    19.044858455946937,
    19.436139701927388,
    19.835243840227623,
    20.24230126536109,
    20.657447905732997,
    21.08082518346509,
    21.512579984979478,
    21.952864641818582,
    22.401836921217832,
    22.859660025984397,
    23.326502603274136,
    23.802538761886897,
    24.287948097736805,
    24.782915727179475,
    25.287632327906266,
    25.802294187142618,
    26.327103256910778,
    26.86226721613675,
    27.407999539410483,
    27.964519572218595,
    28.532052612495324,
    29.110829998351036,
    29.701089201857197,
    30.30307392878017,
    30.91703422417103,
    31.543226583738353,
    32.18191407093516,
    32.83336643971276,
    33.49786026290038,
    34.175679066185175,
    34.867113467675104,
    35.57246132304045,
    36.29202787623759
   ],
   "InfectedPerDay": [
    10.000002852836312,
    8.831769493219447,
    9.270603987843065,
    10.74275185560812,
    12.967051120323166,
    15.856669564396027,
    19.436139701927388,
    23.802538761886897,
    29.110829998351036,
    35.57246132304045
   ],
   "Module": "Problem",
   "Operation": "Execute",
   "Parameters": [
    1.5,
    0.0
   ],
   "Sample Id": 0,
   "Sigmas": 0
  },
  {
   "Betas": 1.51,
   "Current Generation": 2,
   "Experiment Id": 0,
   "Finished": true,
   "Globals": null,
   "InfectedDetailed": [
    10.000002852836312,
    9.796975803619652,
    9.610583998762332,
    9.444016655930424,
    9.29851825909466,
    9.173928714490733,
    9.069595224867596,
    8.984722668771306,
    8.918457145257456,
    8.86994504951229,
    8.838347835270692,
    8.82285600595272,
    8.822694121842398,
    8.83712514009026,
    8.865452214971675,
    8.907019741044964,
    8.961213353042185,
    9.027459384553259,
    9.10522382875995,
    9.194011000785759,
    9.293361980383468,
    9.402852933172648,
    9.522093367544299,
    9.650724378244249,
    9.788416909771831,
    9.934870064973795,
    10.08980947523989,
    10.25298574333256,
    10.424172965167136,
    10.60316733371187,
    10.789785825737717,
    10.983864970484982,
    11.185259698132619,
    11.393842265179659,
    11.609501253356102,
    11.832140638403388,
    12.061678924939278,
    12.29804834360914,
    12.54119410678805,
    12.791073719213111,
    13.04765634007537,
    13.310922193270263,
    13.580862022686244,
    13.857476589596596,
    14.140776209402826,
    14.43078032515744,
    14.727517115467117,
    15.031023134543297,
    15.341342982320954,
    15.658529002715747,
    15.98264100822768,
    16.313746029226607,
    16.65191808637694,
    16.997237984770553,
    17.349793128441213,
    17.709677354030394,
    18.076990782463632,
    18.451839687583025,
    18.83433638075526,
    19.22459911055015,
    19.62275197664911,
    20.028924857207116,
    20.443253348950435,
    20.86587871934195,
    21.296947870203535,
    21.73661331222511,
    22.18503314983829,
    22.64237107597077,
    23.108796376237642,
    23.584483942160666,
    24.069614293039763,
    24.564373606133522,
    25.06895375483307,
    25.583552354543595,
    26.10837281601044,
    26.643624405855313,
    27.18952231410624,
    27.746287728529154,
    28.31414791559108,
    28.893336307898224,
    29.48409259797583,
    30.086662838272115,
    30.70129954728146,
    31.328261821704263,
    31.967815454566182,
    32.62023305924197,
    33.28579419933603,
    33.96478552438743,
    34.65750091137642,
    35.36424161202445,
    36.0853164058857,
    36.8210417592434
   ],
   "InfectedPerDay": [
    10.000002852836312,
    8.838347835270692,
    9.293361980383468,
    10.789785825737717,
    13.04765634007537,
    15.98264100822768,
    19.62275197664911,
    24.069614293039763,
    29.48409259797583,
    36.0853164058857
   ],
   "Module": "Problem",
   "Operation": "Execute",
   "Parameters": [
    1.51,
    0.08
   ],
   "Sample Id": 1,
   "Sigmas": 0.08
  },
  {
   "Betas": 1.52,
   "Current Generation": 3,
   "Experiment Id": 0,
   "Finished": true,
   "Globals": null,