{
 "Console Output": {
  "Frequency": 1,
  "Verbosity": "Minimal"
 },
 "Current Generation": 0,
 "File Output": {
  "Enabled": 1,
  "Frequency": 1,
  "Path": "_korali_result"
 },
 "Is Finished": 0,
 "Problem": {
  "Execution Model": 0,
  "Number Of Samples": 0,
  "Type": "Propagation"
 },
 "Random Seed": 0,
 "Run ID": 1607112411034,
 "Samples": null,
 "Solver": {
  "Executions Per Generation": 1,
  "Model Evaluation Count": 0,
  "Sample Count": 0,
  "Termination Criteria": {
   "Max Generations": 10000000000,
   "Max Model Evaluations": 1000000000
  },
  "Type": "Executor"
 },
 "Store Sample Information": 1,
 "Timestamp": "Fri Dec  4 21:06:51 2020",
 "Type": "Experiment",
 "Variables": [
  {
   "Distribution Index": 0,
   "Name": "Beta",
   "Precomputed Values": [
    1.5,
    1.51,
    1.52,
    1.53,
    1.54,
    1.55,
    1.56,
    1.57,
    1.58,
    1.59,
    1.6,
    1.61,
    1.62,
    1.6300000000000001,
    1.6400000000000001,
    1.6500000000000001,
    1.6600000000000001,
    1.6700000000000002,
    1.6800000000000002,
    1.6900000000000002,
    1.7000000000000002,
    1.7100000000000002,
    1.7200000000000002,
    1.7300000000000002,
    1.7400000000000002,
    1.7500000000000002,
    1.7600000000000002,
    1.7700000000000002,
    1.7800000000000002,
    1.7900000000000003,
    1.8000000000000003,
    1.8100000000000003,
    1.8200000000000003,
    1.8300000000000003,
    1.8400000000000003,
    1.8500000000000003,
    1.8600000000000003,
    1.8700000000000003,
    1.8800000000000003,
    1.8900000000000003,
    1.9000000000000004,
    1.9100000000000004,
    1.9200000000000004,
    1.9300000000000004,
    1.9400000000000004,
    1.9500000000000004,
    1.9600000000000004,
    1.9700000000000004,
    1.9800000000000004,
    1.9900000000000004,
    2.0000000000000004,
    2.0100000000000007,
    2.0200000000000005,
    2.0300000000000002,
    2.0400000000000005,
    2.0500000000000007,
    2.0600000000000005,
    2.0700000000000003,
    2.0800000000000005,
    2.0900000000000007,
    2.1000000000000005,
    2.1100000000000003,
    2.1200000000000006,
    2.130000000000001,
    2.1400000000000006,
    2.1500000000000004,
    2.1600000000000006,
    2.170000000000001,
    2.1800000000000006,
    2.1900000000000004,
    2.2000000000000006,
    2.210000000000001,
    2.2200000000000006,
    2.2300000000000004,
    2.2400000000000007,
    2.250000000000001,
    2.2600000000000007,
    2.2700000000000005,
    2.2800000000000007,
    2.290000000000001,
    2.3000000000000007,
    2.3100000000000005,
    2.3200000000000007,
    2.330000000000001,
    2.3400000000000007,
    2.3500000000000005,
    2.3600000000000008,
    2.370000000000001,
    2.380000000000001,
    2.3900000000000006,
    2.400000000000001,
    2.410000000000001,
    2.420000000000001,
    2.4300000000000006,
    2.440000000000001,
    2.450000000000001,
    2.460000000000001,
    2.4700000000000006,
    2.480000000000001,
    2.490000000000001,
    2.500000000000001,
    2.5100000000000007,
    2.520000000000001,
    2.530000000000001,
    2.540000000000001,
    2.5500000000000007,
    2.560000000000001,
    2.570000000000001,
    2.580000000000001,
    2.5900000000000007,
    2.600000000000001,
    2.610000000000001,
    2.620000000000001,
    2.630000000000001,
    2.640000000000001,
    2.6500000000000012,
    2.660000000000001,
    2.670000000000001,
    2.680000000000001,
    2.6900000000000013,
    2.700000000000001,
    2.710000000000001,
    2.720000000000001,
    2.7300000000000013,
    2.740000000000001,
    2.750000000000001,
    2.760000000000001,
    2.7700000000000014,
    2.780000000000001,
    2.790000000000001,
    2.800000000000001,
    2.8100000000000014,
    2.820000000000001,
    2.830000000000001,
    2.840000000000001,
    2.8500000000000014,
    2.860000000000001,
    2.870000000000001,
    2.8800000000000012,
    2.8900000000000015,
    2.9000000000000012,
    2.910000000000001,
    2.9200000000000013,
    2.9300000000000015,
    2.9400000000000013,
    2.950000000000001,
    2.9600000000000013,
    2.9700000000000015,
    2.9800000000000013,
    2.990000000000001
   ],
   "Prior Distribution": " ",
   "Sampled Values": []
  },
  {
   "Distribution Index": 0,
   "Name": "Sigma",
   "Precomputed Values": [
    0.0,
    0.08,
    0.16,
    0.24,
    0.32,
    0.4,
    0.48,
    0.56,
    0.64,
    0.72,
    0.8,
    0.88,
    0.96,
    1.04,
    1.12,
    1.2,
    1.28,
    1.36,
    1.44,
    1.52,
    1.6,
    1.68,
    1.76,
    1.84,
    1.92,
    2.0,
    2.08,
    2.16,
    2.24,
    2.32,
    2.4,
    2.48,
    2.56,
    2.64,
    2.72,
    2.8000000000000003,
    2.88,
    2.96,
    3.04,
    3.12,
    3.2,
    3.2800000000000002,
    3.36,
    3.44,
    3.52,
    3.6,
    3.68,
    3.7600000000000002,
    3.84,
    3.92,
    4.0,
    4.08,
    4.16,
    4.24,
    4.32,
    4.4,
    4.48,
    4.5600000000000005,
    4.64,
    4.72,
    4.8,
    4.88,
    4.96,
    5.04,
    5.12,
    5.2,
    5.28,
    5.36,
    5.44,
    5.5200000000000005,
    5.6000000000000005,
    5.68,
    5.76,
    5.84,
    5.92,
    6.0,
    6.08,
    6.16,
    6.24,
    6.32,
    6.4,
    6.48,
    6.5600000000000005,
    6.640000000000001,
    6.72,
    6.8,
    6.88,
    6.96,
    7.04,
    7.12,
    7.2,
    7.28,
    7.36,
    7.44,
    7.5200000000000005,
    7.6000000000000005,
    7.68,
    7.76,
    7.84,
    7.92,
    8.0,
    8.08,
    8.16,
    8.24,
    8.32,
    8.4,
    8.48,
    8.56,
    8.64,
    8.72,
    8.8,
    8.88,
    8.96,
    9.040000000000001,
    9.120000000000001,
    9.200000000000001,
    9.28,
    9.36,
    9.44,
    9.52,
    9.6,
    9.68,
    9.76,
    9.84,
    9.92,
    10.0,
    10.08,
    10.16,
    10.24,
    10.32,
    10.4,
    10.48,
    10.56,
    10.64,
    10.72,
    10.8,
    10.88,
    10.96,
    11.040000000000001,
    11.120000000000001,
    11.200000000000001,
    11.28,
    11.36,
    11.44,
    11.52,
    11.6,
    11.68,
    11.76,
    11.84,
    11.92
   ],
   "Prior Distribution": " ",
   "Sampled Values": []
  }
 ]
}