{
 "Console Output": {
  "Frequency": 1,
  "Verbosity": "Minimal"
 },
 "Current Generation": 1,
 "File Output": {
  "Enabled": 1,
  "Frequency": 1,
  "Path": "_korali_result"
 },
 "Is Finished": 0,
 "Problem": {
  "Execution Model": 0,
  "Number Of Samples": 0,
  "Type": "Propagation"
 },
 "Random Seed": 0,
 "Run ID": 1607112411034,
 "Samples": [
  {
   "Betas": 1.5,
   "Current Generation": 1,
   "Experiment Id": 0,
   "Finished": true,
   "Globals": null,
   "InfectedDetailed": [
    10.000002852836312,
    9.796898057429456,
    9.610277637728363,
    9.443339933919592,
    9.297338284613913,
    9.172120950637861,
    9.067042716312045,
    8.981315202322948,
    8.914090421130586,
    8.86451989839062,
    8.831769493219447,
    8.815033450121279,
    8.813539465720355,
    8.826553085046783,
    8.853379553922593,
    8.893364909717642,
    8.945896024296543,
    9.010400101377408,
    9.086343671834587,
    9.173231286830996,
    9.270603987843065,
    9.3780376521239,
    9.495141271041671,
    9.62155521259976,
    9.75694950154346,
    9.90102214267883,
    10.053497504024401,
    10.214124771023336,
    10.382676478302141,
    10.558947122296846,
    10.74275185560812,
    10.933925262270828,
    11.132320211925045,
    11.337806790090076,
    11.550271301237078,
    11.769615341071418,
    11.995754934302383,
    12.228619734155401,
    12.468152279941444,
    12.71430730910569,
    12.967051120323166,
    13.226360984374212,
    13.492224599710816,
    13.76463958980507,
    14.043613039552577,
    14.329161068181103,
    14.621308436284528,
    14.920088184764397,
    15.22554130361976,
    15.537716428664575,
    15.856669564396027,
    16.182463831358174,
    16.51516923646971,
    16.85486246489184,
    17.20162669211696,
    17.555551415055252,
    17.91673230098454,
    18.285271053311035,
    18.661275293167915,
    19.044858455946937,
    19.436139701927388,
    19.835243840227623,
    20.24230126536109,
    20.657447905732997,
    21.08082518346509,
    21.512579984979478,
    21.952864641818582,
    22.401836921217832,
    22.859660025984397,
    23.326502603274136,
    23.802538761886897,
    24.287948097736805,
    24.782915727179475,
    25.287632327906266,
    25.802294187142618,
    26.327103256910778,
    26.86226721613675,
    27.407999539410483,
    27.964519572218595,
    28.532052612495324,
    29.110829998351036,
    29.701089201857197,
    30.30307392878017,
    30.91703422417103,
    31.543226583738353,
    32.18191407093516,
    32.83336643971276,
    33.49786026290038,
    34.175679066185175,
    34.867113467675104,
    35.57246132304045,
    36.29202787623759
   ],
   "InfectedPerDay": [
    10.000002852836312,
    8.831769493219447,
    9.270603987843065,
    10.74275185560812,
    12.967051120323166,
    15.856669564396027,
    19.436139701927388,
    23.802538761886897,
    29.110829998351036,
    35.57246132304045
   ],
   "Module": "Problem",
   "Operation": "Execute",
   "Parameters": [
    1.5,
    0.0
   ],
   "Sample Id": 0,
   "Sigmas": 0
  }
 ],
 "Solver": {
  "Executions Per Generation": 1,
  "Model Evaluation Count": 1,
  "Sample Count": 150,
  "Termination Criteria": {
   "Max Generations": 10000000000,
   "Max Model Evaluations": 150
  },
  "Type": "Executor"
 },
 "Store Sample Information": 1,
 "Timestamp": "Fri Dec  4 21:07:54 2020",
 "Type": "Experiment",
 "Variables": [
  {
   "Distribution Index": 0,
   "Name": "Beta",
   "Precomputed Values": [
    1.5,
    1.51,
    1.52,
    1.53,
    1.54,
    1.55,
    1.56,
    1.57,
    1.58,
    1.59,
    1.6,
    1.61,
    1.62,
    1.6300000000000001,
    1.6400000000000001,
    1.6500000000000001,
    1.6600000000000001,
    1.6700000000000002,
    1.6800000000000002,
    1.6900000000000002,
    1.7000000000000002,
    1.7100000000000002,
    1.7200000000000002,
    1.7300000000000002,
    1.7400000000000002,
    1.7500000000000002,
    1.7600000000000002,
    1.7700000000000002,
    1.7800000000000002,
    1.7900000000000003,
    1.8000000000000003,
    1.8100000000000003,
    1.8200000000000003,
    1.8300000000000003,
    1.8400000000000003,
    1.8500000000000003,
    1.8600000000000003,
    1.8700000000000003,
    1.8800000000000003,
    1.8900000000000003,
    1.9000000000000004,
    1.9100000000000004,
    1.9200000000000004,
    1.9300000000000004,
    1.9400000000000004,
    1.9500000000000004,
    1.9600000000000004,
    1.9700000000000004,
    1.9800000000000004,
    1.9900000000000004,
    2.0000000000000004,
    2.0100000000000007,
    2.0200000000000005,
    2.0300000000000002,
    2.0400000000000005,
    2.0500000000000007,
    2.0600000000000005,
    2.0700000000000003,
    2.0800000000000005,
    2.0900000000000007,
    2.1000000000000005,
    2.1100000000000003,
    2.1200000000000006,
    2.130000000000001,
    2.1400000000000006,
    2.1500000000000004,
    2.1600000000000006,
    2.170000000000001,
    2.1800000000000006,
    2.1900000000000004,
    2.2000000000000006,
    2.210000000000001,
    2.2200000000000006,
    2.2300000000000004,
    2.2400000000000007,
    2.250000000000001,
    2.2600000000000007,
    2.2700000000000005,
    2.2800000000000007,
    2.290000000000001,
    2.3000000000000007,
    2.3100000000000005,
    2.3200000000000007,
    2.330000000000001,
    2.3400000000000007,
    2.3500000000000005,
    2.3600000000000008,
    2.370000000000001,
    2.380000000000001,
    2.3900000000000006,
    2.400000000000001,
    2.410000000000001,
    2.420000000000001,
    2.4300000000000006,
    2.440000000000001,
    2.450000000000001,
    2.460000000000001,
    2.4700000000000006,
    2.480000000000001,
    2.490000000000001,
    2.500000000000001,
    2.5100000000000007,
    2.520000000000001,
    2.530000000000001,
    2.540000000000001,
    2.5500000000000007,
    2.560000000000001,
    2.570000000000001,
    2.580000000000001,
    2.5900000000000007,
    2.600000000000001,
    2.610000000000001,
    2.620000000000001,
    2.630000000000001,
    2.640000000000001,
    2.6500000000000012,
    2.660000000000001,
    2.670000000000001,
    2.680000000000001,
    2.6900000000000013,
    2.700000000000001,
    2.710000000000001,
    2.720000000000001,
    2.7300000000000013,
    2.740000000000001,
    2.750000000000001,
    2.760000000000001,
    2.7700000000000014,
    2.780000000000001,
    2.790000000000001,
    2.800000000000001,
    2.8100000000000014,
    2.820000000000001,
    2.830000000000001,
    2.840000000000001,
    2.8500000000000014,
    2.860000000000001,
    2.870000000000001,
    2.8800000000000012,
    2.8900000000000015,
    2.9000000000000012,
    2.910000000000001,
    2.9200000000000013,
    2.9300000000000015,
    2.9400000000000013,
    2.950000000000001,
    2.9600000000000013,
    2.9700000000000015,
    2.9800000000000013,
    2.990000000000001
   ],
   "Prior Distribution": " ",
   "Sampled Values": []
  },
  {
   "Distribution Index": 0,
   "Name": "Sigma",